id_upload,path,nama_modul,file_type,nama_file_asli,id_profile,id,str_key,str_subkey
1f4463c4260402eb01b258420a6a70a0,bo.bo.eci2.msvc.app_2023-12-05_04-14-04.pdf,perizinan,.pdf,bo.bo.eci2.msvc.app_2023-12-05_04-14-04.pdf,8298289624,1,1,1
39ab60167cb834f33a94f81b592c678b,eci2_bo_20231205.png,perizinan,.png,eci2_bo_20231205.png,1749535391,1,1,1
47b306fce4df9f50fa3f9584af2d29ab,file_list_20241206_091216.csv,perizinan,.csv,file_list_20241206_091216.csv,3910714410,1,1,1
32d54f09b9b31f574373ad1a6d40a548,script_eci2_bo.sql,perizinan,.sql,script_eci2_bo.sql,8102338905,1,1,1
0d461e961f520ae394b592987a4d0001,bo.bo.eci2.msvc.app_2023-12-05_04-11-49/startpage.md,perizinan,.md,startpage.md,8931283506,1,1,1
2dd43338c063db66b55ae6e8f0ebdd69,bo.bo.eci2.msvc.app_2023-12-05_04-12-16/main.html,perizinan,.html,main.html,4984648321,1,1,1
a9df88003c73825d8113c02ea7bc74aa,bo.bo.eci2.msvc.app_2023-12-05_04-12-16/startpage.html,perizinan,.html,startpage.html,1489137576,1,1,1
9cb6fd3be30edd17fbc210743da70d8c,bo.bo.eci2.msvc.app_2023-12-05_04-12-16/treeview.html,perizinan,.html,treeview.html,2388434040,1,1,1
3b0b7d9347ce910df87f3673237cedf5,sqlgate-report-eci2/TableColumn.docx,perizinan,.docx,TableColumn.docx,7641001258,1,1,1
f9fb2e0750d3c2daef5a09abedc77d09,sqlgate-report-eci2/TableColumn.html,perizinan,.html,TableColumn.html,5511956109,1,1,1
2c0ee6957ba93f515c7d08f040e63cf6,target-rectext/index.html,perizinan,.html,index.html,3123033952,1,1,1
9c7ca25f5e08e9c13ebd5e30e8bbb826,target-rectext/main.css,perizinan,.css,main.css,1902917565,1,1,1
61e9fbe7f508788b3adc2c2b426835b5,target-rectext/main.css.map,perizinan,.map,main.css.map,3598293781,1,1,1
367beaa6804f6f3020e9694d630093e7,target-rectext/rectext-api-design.docx,perizinan,.docx,rectext-api-design.docx,1003090109,1,1,1
eeaa4dcfe0995ad7dd6d4866c111ed2d,target-solar-api-eci2/index.docx,perizinan,.docx,index.docx,3929896416,1,1,1
e17d5b828b0454c62b29c33466f24505,target-solar-api-eci2/index.html,perizinan,.html,index.html,3387697963,1,1,1
bb62603c624824d02dac45e42bcc422c,target-solar-api-eci2/main.css,perizinan,.css,main.css,7042428677,1,1,1
aeacb3b3adc8c68154d13f8d432326c3,target-solar-api-eci2/main.css.map,perizinan,.map,main.css.map,9640091551,1,1,1
73b5ee741007f98bb3cffe6a240a1754,bo.bo.eci2.msvc.app_2023-12-05_04-11-49/Images/checkconstraint.svg,perizinan,.svg,checkconstraint.svg,9568672420,1,1,1
7967a2bdebd31c5a9252e97a8b5faf4a,bo.bo.eci2.msvc.app_2023-12-05_04-11-49/Images/checkconstraint64.svg,perizinan,.svg,checkconstraint64.svg,7959888653,1,1,1
77b32be41640a4a6519cd12b2eab4634,bo.bo.eci2.msvc.app_2023-12-05_04-11-49/Images/coverpage.svg,perizinan,.svg,coverpage.svg,7507923473,1,1,1
0ff09951e83664481e2e4b6f436a94f2,bo.bo.eci2.msvc.app_2023-12-05_04-11-49/Images/coverpage64.svg,perizinan,.svg,coverpage64.svg,6285965205,1,1,1
e9aff564271ea6e29ced43806a59f6c4,bo.bo.eci2.msvc.app_2023-12-05_04-11-49/Images/database.svg,perizinan,.svg,database.svg,516267530,1,1,1
f35e1e4fb3fde08675b8bd67968e7991,bo.bo.eci2.msvc.app_2023-12-05_04-11-49/Images/database64.svg,perizinan,.svg,database64.svg,1782615991,1,1,1
5107266b2d49551457f16ed083385336,bo.bo.eci2.msvc.app_2023-12-05_04-11-49/Images/event.svg,perizinan,.svg,event.svg,1085320938,1,1,1
582f86d2cd18666c8916fc8abe7e486f,bo.bo.eci2.msvc.app_2023-12-05_04-11-49/Images/event64.svg,perizinan,.svg,event64.svg,3787843656,1,1,1
78e5d87f8f2fc708417ddb8222119661,bo.bo.eci2.msvc.app_2023-12-05_04-11-49/Images/folder.svg,perizinan,.svg,folder.svg,3704427795,1,1,1
3bc51edbc2a0b91a6ac48142be38bc99,bo.bo.eci2.msvc.app_2023-12-05_04-11-49/Images/folder64.svg,perizinan,.svg,folder64.svg,8878269050,1,1,1
18846f9e795530e1bcdeda89e94c6141,bo.bo.eci2.msvc.app_2023-12-05_04-11-49/Images/foreignkey.svg,perizinan,.svg,foreignkey.svg,6191889577,1,1,1
adde7aa0cb90354937a4b8b25ba1b2dc,bo.bo.eci2.msvc.app_2023-12-05_04-11-49/Images/foreignkey64.svg,perizinan,.svg,foreignkey64.svg,5197656419,1,1,1
92c1ced6570679f8b0199e4115958852,bo.bo.eci2.msvc.app_2023-12-05_04-11-49/Images/function.svg,perizinan,.svg,function.svg,6424670775,1,1,1
b03466e85f969b5a393e328c0968e2f7,bo.bo.eci2.msvc.app_2023-12-05_04-11-49/Images/function64.svg,perizinan,.svg,function64.svg,2724440524,1,1,1
c06ed7be64d6b6e494ba0a58722e27de,bo.bo.eci2.msvc.app_2023-12-05_04-11-49/Images/index.svg,perizinan,.svg,index.svg,6313898016,1,1,1
bed63c4fb190a1a876c7197818000408,bo.bo.eci2.msvc.app_2023-12-05_04-11-49/Images/index64.svg,perizinan,.svg,index64.svg,6122693736,1,1,1
375d5b677ad25d1b16aa26a6d434f123,bo.bo.eci2.msvc.app_2023-12-05_04-11-49/Images/package.svg,perizinan,.svg,package.svg,9022700904,1,1,1
a2dc0f74626ada4e604ac5742847ff10,bo.bo.eci2.msvc.app_2023-12-05_04-11-49/Images/package64.svg,perizinan,.svg,package64.svg,6711028190,1,1,1
30cf576dd858a46f8af4a82f03139961,bo.bo.eci2.msvc.app_2023-12-05_04-11-49/Images/primarykey.svg,perizinan,.svg,primarykey.svg,6762640546,1,1,1
a21676d925dfa019f1afbd1899338e77,bo.bo.eci2.msvc.app_2023-12-05_04-11-49/Images/primarykey64.svg,perizinan,.svg,primarykey64.svg,5561539330,1,1,1
d824f3ca424f87237fe528c75657e2d7,bo.bo.eci2.msvc.app_2023-12-05_04-11-49/Images/procedure.svg,perizinan,.svg,procedure.svg,7300769342,1,1,1
1fdc2fc87e0b3f5fb525e66a361f48e5,bo.bo.eci2.msvc.app_2023-12-05_04-11-49/Images/procedure64.svg,perizinan,.svg,procedure64.svg,3566081899,1,1,1
af2270d06642f72eefe1bc037154a5c7,bo.bo.eci2.msvc.app_2023-12-05_04-11-49/Images/role.svg,perizinan,.svg,role.svg,7386356192,1,1,1
3f9b715e7329eee65426be9000f98351,bo.bo.eci2.msvc.app_2023-12-05_04-11-49/Images/role64.svg,perizinan,.svg,role64.svg,4990362670,1,1,1
2673b198befda59667349bd6c35daff0,bo.bo.eci2.msvc.app_2023-12-05_04-11-49/Images/roles.svg,perizinan,.svg,roles.svg,2968449959,1,1,1
80549a4d01c7defcb91d5beada77d352,bo.bo.eci2.msvc.app_2023-12-05_04-11-49/Images/roles64.svg,perizinan,.svg,roles64.svg,8194317489,1,1,1
77d6be93b3e2a7683edb97991cba1486,bo.bo.eci2.msvc.app_2023-12-05_04-11-49/Images/sequence.svg,perizinan,.svg,sequence.svg,9127338330,1,1,1
fc409a41dc3087e3b8ea3edd48771da9,bo.bo.eci2.msvc.app_2023-12-05_04-11-49/Images/sequence64.svg,perizinan,.svg,sequence64.svg,9276622327,1,1,1
71d48f25b3295053a7989aad23cefe5c,bo.bo.eci2.msvc.app_2023-12-05_04-11-49/Images/server.svg,perizinan,.svg,server.svg,7357318570,1,1,1
c21ddf291669f0138bdbc03e3c5aa784,bo.bo.eci2.msvc.app_2023-12-05_04-11-49/Images/server64.svg,perizinan,.svg,server64.svg,7776651896,1,1,1
bcaf2029793be6ea26a1e9a9832c547a,bo.bo.eci2.msvc.app_2023-12-05_04-11-49/Images/servers.svg,perizinan,.svg,servers.svg,3822494394,1,1,1
6b6d821845ef2b2704b00ab660b44da5,bo.bo.eci2.msvc.app_2023-12-05_04-11-49/Images/servers64.svg,perizinan,.svg,servers64.svg,8361141499,1,1,1
aa8a8472c2f94f933d048ea2a534970e,bo.bo.eci2.msvc.app_2023-12-05_04-11-49/Images/table.svg,perizinan,.svg,table.svg,5682582879,1,1,1
75d7140d6c50e59ecb064c0738619ca2,bo.bo.eci2.msvc.app_2023-12-05_04-11-49/Images/table64.svg,perizinan,.svg,table64.svg,6892889045,1,1,1
59435e8a55800fb78c2947d02daecaee,bo.bo.eci2.msvc.app_2023-12-05_04-11-49/Images/tree-node-collapsed.svg,perizinan,.svg,tree-node-collapsed.svg,402657707,1,1,1
b8495ffa1f3d84fb2d41472f44238351,bo.bo.eci2.msvc.app_2023-12-05_04-11-49/Images/tree-node-collapsed64.svg,perizinan,.svg,tree-node-collapsed64.svg,6231064444,1,1,1
56b48c461cb93b93ccd83eb64abb33b1,bo.bo.eci2.msvc.app_2023-12-05_04-11-49/Images/tree-node-expanded.svg,perizinan,.svg,tree-node-expanded.svg,2747757168,1,1,1
8f8ef448142104ab9fdbfb9c96f7dbf6,bo.bo.eci2.msvc.app_2023-12-05_04-11-49/Images/tree-node-expanded64.svg,perizinan,.svg,tree-node-expanded64.svg,3385771865,1,1,1
467733dc4f43d33b627cc3a94f08b9b1,bo.bo.eci2.msvc.app_2023-12-05_04-11-49/Images/trigger.svg,perizinan,.svg,trigger.svg,3374804702,1,1,1
173c578ce241c90f6e2d33680cb7c91e,bo.bo.eci2.msvc.app_2023-12-05_04-11-49/Images/trigger64.svg,perizinan,.svg,trigger64.svg,2161567777,1,1,1
a1682f18ef8bc90bfbf97002cd322061,bo.bo.eci2.msvc.app_2023-12-05_04-11-49/Images/uniquekey.svg,perizinan,.svg,uniquekey.svg,4518350609,1,1,1
bafe4a3f87ea788ff6815ee420e31228,bo.bo.eci2.msvc.app_2023-12-05_04-11-49/Images/uniquekey64.svg,perizinan,.svg,uniquekey64.svg,6461351825,1,1,1
bd0645a5b152533231e963df6e120c63,bo.bo.eci2.msvc.app_2023-12-05_04-11-49/Images/user.svg,perizinan,.svg,user.svg,8648291669,1,1,1
ad6e7f02cd0ec05ab4040ef901aa44f2,bo.bo.eci2.msvc.app_2023-12-05_04-11-49/Images/user64.svg,perizinan,.svg,user64.svg,9523304151,1,1,1
1e60b0d710e9d69f29c3c91d1a97e9d1,bo.bo.eci2.msvc.app_2023-12-05_04-11-49/Images/view.svg,perizinan,.svg,view.svg,6283437421,1,1,1
b1f2d68dbd26154e2075b8213cba2b54,bo.bo.eci2.msvc.app_2023-12-05_04-11-49/Images/view64.svg,perizinan,.svg,view64.svg,9085312207,1,1,1
79cc4e645e1587c4a7cad66996ce28fc,bo.bo.eci2.msvc.app_2023-12-05_04-11-49/Servers/Servers.md,perizinan,.md,Servers.md,5967269870,1,1,1
7c5c83c9ea1dca8fc3eff0b6c18e4f46,bo.bo.eci2.msvc.app_2023-12-05_04-11-49/Servers/bo.bo.eci2.msvc.app/bo.bo.eci2.msvc.app.md,perizinan,.md,bo.bo.eci2.msvc.app.md,1000701220,1,1,1
1fbbee7e847bcd99d2902a9968c97a10,bo.bo.eci2.msvc.app_2023-12-05_04-11-49/Servers/bo.bo.eci2.msvc.app/Databases/Databases.md,perizinan,.md,Databases.md,7509898749,1,1,1
b27cdac1e4d7494056b7587a0118c73c,bo.bo.eci2.msvc.app_2023-12-05_04-11-49/Servers/bo.bo.eci2.msvc.app/Databases/bo/bo.md,perizinan,.md,bo.md,5291955800,1,1,1
539e1e9e430fd4944f814ccc77610e71,bo.bo.eci2.msvc.app_2023-12-05_04-11-49/Servers/bo.bo.eci2.msvc.app/Databases/bo/Tables/assets.md,perizinan,.md,assets.md,3471190995,1,1,1
ac51c13147b628bf9c3d943ec054c965,bo.bo.eci2.msvc.app_2023-12-05_04-11-49/Servers/bo.bo.eci2.msvc.app/Databases/bo/Tables/assets_sensor_datas.md,perizinan,.md,assets_sensor_datas.md,1520973806,1,1,1
3731dfef615305b9747c67562c6d6ca9,bo.bo.eci2.msvc.app_2023-12-05_04-11-49/Servers/bo.bo.eci2.msvc.app/Databases/bo/Tables/asset_categories.md,perizinan,.md,asset_categories.md,9123848371,1,1,1
c2a5755c57724aa9764bbd5d8d9f9965,bo.bo.eci2.msvc.app_2023-12-05_04-11-49/Servers/bo.bo.eci2.msvc.app/Databases/bo/Tables/asset_locations.md,perizinan,.md,asset_locations.md,223784995,1,1,1
fa2ea3f11f5742e2bd62a28e20c7d71d,bo.bo.eci2.msvc.app_2023-12-05_04-11-49/Servers/bo.bo.eci2.msvc.app/Databases/bo/Tables/asset_statuses.md,perizinan,.md,asset_statuses.md,551421064,1,1,1
0e9ad7edea978585e565712fa17f669c,bo.bo.eci2.msvc.app_2023-12-05_04-11-49/Servers/bo.bo.eci2.msvc.app/Databases/bo/Tables/audit_logs.md,perizinan,.md,audit_logs.md,2066589427,1,1,1
63c4fc085c8894e38ba3d56e1e754cf4,bo.bo.eci2.msvc.app_2023-12-05_04-11-49/Servers/bo.bo.eci2.msvc.app/Databases/bo/Tables/enterprises.md,perizinan,.md,enterprises.md,3674137826,1,1,1
5013a55ae1b6017e326cac97e7838249,bo.bo.eci2.msvc.app_2023-12-05_04-11-49/Servers/bo.bo.eci2.msvc.app/Databases/bo/Tables/financal_accees_types.md,perizinan,.md,financal_accees_types.md,4325945740,1,1,1
7f0ffc4ae9a6fc2db6db39751046fbc6,bo.bo.eci2.msvc.app_2023-12-05_04-11-49/Servers/bo.bo.eci2.msvc.app/Databases/bo/Tables/market_access_types.md,perizinan,.md,market_access_types.md,8948378498,1,1,1
9dd55ad51d8fb46fd194402c5eca4fae,bo.bo.eci2.msvc.app_2023-12-05_04-11-49/Servers/bo.bo.eci2.msvc.app/Databases/bo/Tables/media.md,perizinan,.md,media.md,7976628263,1,1,1
def80fcc7b99c26b3f35b3a6408863ba,bo.bo.eci2.msvc.app_2023-12-05_04-11-49/Servers/bo.bo.eci2.msvc.app/Databases/bo/Tables/migrations.md,perizinan,.md,migrations.md,5439119061,1,1,1
cf9c4b4ffb0dead1312a271eb5783e3b,bo.bo.eci2.msvc.app_2023-12-05_04-11-49/Servers/bo.bo.eci2.msvc.app/Databases/bo/Tables/password_resets.md,perizinan,.md,password_resets.md,2319274820,1,1,1
a6f8a2f0075589d2bc23066757ebd443,bo.bo.eci2.msvc.app_2023-12-05_04-11-49/Servers/bo.bo.eci2.msvc.app/Databases/bo/Tables/permissions.md,perizinan,.md,permissions.md,5871217497,1,1,1
1da833bccb58fa0fdc590048c77c9d91,bo.bo.eci2.msvc.app_2023-12-05_04-11-49/Servers/bo.bo.eci2.msvc.app/Databases/bo/Tables/permission_role.md,perizinan,.md,permission_role.md,1768126890,1,1,1
0793bb34ac8c1a22271e4e5075a61c07,bo.bo.eci2.msvc.app_2023-12-05_04-11-49/Servers/bo.bo.eci2.msvc.app/Databases/bo/Tables/personal_access_tokens.md,perizinan,.md,personal_access_tokens.md,1603777087,1,1,1
cf090d0f6d58ec94960ada80576d99a7,bo.bo.eci2.msvc.app_2023-12-05_04-11-49/Servers/bo.bo.eci2.msvc.app/Databases/bo/Tables/projects.md,perizinan,.md,projects.md,5027162297,1,1,1
40ec0b3bca588572523aab0a0f95dfc7,bo.bo.eci2.msvc.app_2023-12-05_04-11-49/Servers/bo.bo.eci2.msvc.app/Databases/bo/Tables/project_statuses.md,perizinan,.md,project_statuses.md,871080829,1,1,1
869f639643ffae8e00708160a27ee68d,bo.bo.eci2.msvc.app_2023-12-05_04-11-49/Servers/bo.bo.eci2.msvc.app/Databases/bo/Tables/project_user.md,perizinan,.md,project_user.md,5817315572,1,1,1
134c6b1ee3eab7112734904c839c7bf0,bo.bo.eci2.msvc.app_2023-12-05_04-11-49/Servers/bo.bo.eci2.msvc.app/Databases/bo/Tables/roles.md,perizinan,.md,roles.md,3201290554,1,1,1
4c997fc33d72af2c141dfffd01c06120,bo.bo.eci2.msvc.app_2023-12-05_04-11-49/Servers/bo.bo.eci2.msvc.app/Databases/bo/Tables/role_user.md,perizinan,.md,role_user.md,9424160295,1,1,1
0f006b395ffd1f3322daba6181c97f22,bo.bo.eci2.msvc.app_2023-12-05_04-11-49/Servers/bo.bo.eci2.msvc.app/Databases/bo/Tables/Tables.md,perizinan,.md,Tables.md,3220139384,1,1,1
59c2f7cd0be2040b5b845bf0fc289094,bo.bo.eci2.msvc.app_2023-12-05_04-11-49/Servers/bo.bo.eci2.msvc.app/Databases/bo/Tables/tasks.md,perizinan,.md,tasks.md,6848085843,1,1,1
a028fe04f57d46a3955d9bbbce5b51f0,bo.bo.eci2.msvc.app_2023-12-05_04-11-49/Servers/bo.bo.eci2.msvc.app/Databases/bo/Tables/task_statuses.md,perizinan,.md,task_statuses.md,9333226758,1,1,1
382d8297bf54338ceccfb4c0c506b7d5,bo.bo.eci2.msvc.app_2023-12-05_04-11-49/Servers/bo.bo.eci2.msvc.app/Databases/bo/Tables/task_tags.md,perizinan,.md,task_tags.md,9560237605,1,1,1
e2380f16f6afd6f1828d15882f6df785,bo.bo.eci2.msvc.app_2023-12-05_04-11-49/Servers/bo.bo.eci2.msvc.app/Databases/bo/Tables/task_task_tag.md,perizinan,.md,task_task_tag.md,7092527353,1,1,1
f49bd842fe68b3a1ae463cc945a2b3d5,bo.bo.eci2.msvc.app_2023-12-05_04-11-49/Servers/bo.bo.eci2.msvc.app/Databases/bo/Tables/type_of_businesses.md,perizinan,.md,type_of_businesses.md,6539923042,1,1,1
c3bc3dd19451c1acca98fbfffc6849ab,bo.bo.eci2.msvc.app_2023-12-05_04-11-49/Servers/bo.bo.eci2.msvc.app/Databases/bo/Tables/users.md,perizinan,.md,users.md,6125027788,1,1,1
946c8fe15edac26f14558fc536f300f8,bo.bo.eci2.msvc.app_2023-12-05_04-11-49/Servers/bo.bo.eci2.msvc.app/Databases/bo/Tables/work_types.md,perizinan,.md,work_types.md,1543246143,1,1,1
e57dc6674c85b67acdcf01e772f88d0d,bo.bo.eci2.msvc.app_2023-12-05_04-12-16/fonts/dbforge.eot,perizinan,.eot,dbforge.eot,7785301821,1,1,1
2b063341da21a47c77cd1e79f37df172,bo.bo.eci2.msvc.app_2023-12-05_04-12-16/fonts/dbforge.svg,perizinan,.svg,dbforge.svg,9308681841,1,1,1
7bc5556b967eb27b68ac75b1930d1fc5,bo.bo.eci2.msvc.app_2023-12-05_04-12-16/fonts/dbforge.ttf,perizinan,.ttf,dbforge.ttf,9247655950,1,1,1
c51b63b0b586fe7b6bb6705d72ffe78e,bo.bo.eci2.msvc.app_2023-12-05_04-12-16/fonts/dbforge.woff,perizinan,.woff,dbforge.woff,9094912356,1,1,1
1b1a46fdf25ae72aeacec5c3574e0ff5,bo.bo.eci2.msvc.app_2023-12-05_04-12-16/images/Trial.png,perizinan,.png,Trial.png,3966097323,1,1,1
76976762da3bfc5358959ccd1fb2dcd4,bo.bo.eci2.msvc.app_2023-12-05_04-12-16/scripts/bootstrap-treeview.js,perizinan,.js,bootstrap-treeview.js,1841423302,1,1,1
54e42ca4934e5ab93f108af42af9bbcc,bo.bo.eci2.msvc.app_2023-12-05_04-12-16/scripts/bootstrap.min.js,perizinan,.js,bootstrap.min.js,4838367517,1,1,1
985645d46d6f64a2517c6243eb762bd1,bo.bo.eci2.msvc.app_2023-12-05_04-12-16/scripts/clipboard.min.js,perizinan,.js,clipboard.min.js,5565051522,1,1,1
c669d5f2b9be71defeb3ea38fea6bd29,bo.bo.eci2.msvc.app_2023-12-05_04-12-16/scripts/jquery-1.12.0.min.js,perizinan,.js,jquery-1.12.0.min.js,4715873224,1,1,1
de7bbffddef6e355aa1b8dadfded4eab,bo.bo.eci2.msvc.app_2023-12-05_04-12-16/scripts/main.js,perizinan,.js,main.js,6031248075,1,1,1
1abec96fbf004f98dc56074a3fb7dfe9,bo.bo.eci2.msvc.app_2023-12-05_04-12-16/scripts/treeview-data.js,perizinan,.js,treeview-data.js,2183255769,1,1,1
fd809b01147bbf4815f59efd7cf594eb,bo.bo.eci2.msvc.app_2023-12-05_04-12-16/servers/Servers.html,perizinan,.html,Servers.html,9351804230,1,1,1
b88333c03c2d7916cc085092e6e482f0,bo.bo.eci2.msvc.app_2023-12-05_04-12-16/styles/bootstrap-treeview.css,perizinan,.css,bootstrap-treeview.css,5473521639,1,1,1
6e6ff840b37ed03a0d00b0bce24502c6,bo.bo.eci2.msvc.app_2023-12-05_04-12-16/styles/main.css,perizinan,.css,main.css,308200897,1,1,1
966adb1fcf7199365606b206f9d622f2,bo.bo.eci2.msvc.app_2023-12-05_04-12-16/styles/svg.css,perizinan,.css,svg.css,9376540107,1,1,1
7459940fced7b29ca55dd801f0cd309e,bo.bo.eci2.msvc.app_2023-12-05_04-12-16/servers/bo.bo.eci2.msvc.app/bo.bo.eci2.msvc.app.html,perizinan,.html,bo.bo.eci2.msvc.app.html,1965487735,1,1,1
fec8804baf77a5d324a3c95b6324fd35,bo.bo.eci2.msvc.app_2023-12-05_04-12-16/servers/bo.bo.eci2.msvc.app/databases/Databases.html,perizinan,.html,Databases.html,7139959381,1,1,1
46773f1456832c886c421a540c498eb0,bo.bo.eci2.msvc.app_2023-12-05_04-12-16/servers/bo.bo.eci2.msvc.app/databases/bo/bo.html,perizinan,.html,bo.html,1769949884,1,1,1
d0d0f57ffae682ea8fab636a525a6dc2,bo.bo.eci2.msvc.app_2023-12-05_04-12-16/servers/bo.bo.eci2.msvc.app/databases/bo/tables/assets.html,perizinan,.html,assets.html,613482900,1,1,1
469113e81d6de489b1b625839e93623b,bo.bo.eci2.msvc.app_2023-12-05_04-12-16/servers/bo.bo.eci2.msvc.app/databases/bo/tables/assets_sensor_datas.html,perizinan,.html,assets_sensor_datas.html,988887903,1,1,1
ed56401a60dd5b94906f583ee73708f1,bo.bo.eci2.msvc.app_2023-12-05_04-12-16/servers/bo.bo.eci2.msvc.app/databases/bo/tables/asset_categories.html,perizinan,.html,asset_categories.html,7676617945,1,1,1
d59a3192a6dfe4088e3d70004a4ce233,bo.bo.eci2.msvc.app_2023-12-05_04-12-16/servers/bo.bo.eci2.msvc.app/databases/bo/tables/asset_locations.html,perizinan,.html,asset_locations.html,2796551979,1,1,1
20f269ec1c7932c5c884253b22ad6eb8,bo.bo.eci2.msvc.app_2023-12-05_04-12-16/servers/bo.bo.eci2.msvc.app/databases/bo/tables/asset_statuses.html,perizinan,.html,asset_statuses.html,4719896557,1,1,1
6df81b2b19ec716475f98200a20456ba,bo.bo.eci2.msvc.app_2023-12-05_04-12-16/servers/bo.bo.eci2.msvc.app/databases/bo/tables/audit_logs.html,perizinan,.html,audit_logs.html,9469391318,1,1,1
0567c0cb89888b49aa639f29afe7ef4e,bo.bo.eci2.msvc.app_2023-12-05_04-12-16/servers/bo.bo.eci2.msvc.app/databases/bo/tables/enterprises.html,perizinan,.html,enterprises.html,7184675955,1,1,1
6844c578b86640c7fe36250f5efe6f2c,bo.bo.eci2.msvc.app_2023-12-05_04-12-16/servers/bo.bo.eci2.msvc.app/databases/bo/tables/financal_accees_types.html,perizinan,.html,financal_accees_types.html,9192984388,1,1,1
e94dcbfa7e4db989ac80e86f3cfb9eda,bo.bo.eci2.msvc.app_2023-12-05_04-12-16/servers/bo.bo.eci2.msvc.app/databases/bo/tables/market_access_types.html,perizinan,.html,market_access_types.html,4902764254,1,1,1
ac8545f7f50184f0900e8d3e7170b20f,bo.bo.eci2.msvc.app_2023-12-05_04-12-16/servers/bo.bo.eci2.msvc.app/databases/bo/tables/media.html,perizinan,.html,media.html,9148306790,1,1,1
0a3a160c355039857987f52cfa18dc22,bo.bo.eci2.msvc.app_2023-12-05_04-12-16/servers/bo.bo.eci2.msvc.app/databases/bo/tables/migrations.html,perizinan,.html,migrations.html,4412809344,1,1,1
bee8c860b5b9b2757fd3489b7b0886c5,bo.bo.eci2.msvc.app_2023-12-05_04-12-16/servers/bo.bo.eci2.msvc.app/databases/bo/tables/password_resets.html,perizinan,.html,password_resets.html,2686510723,1,1,1
aa47232cf4b35036e9295f45dc560284,bo.bo.eci2.msvc.app_2023-12-05_04-12-16/servers/bo.bo.eci2.msvc.app/databases/bo/tables/permissions.html,perizinan,.html,permissions.html,9684799514,1,1,1
f482de52c970c4b7316367faaa57f1ac,bo.bo.eci2.msvc.app_2023-12-05_04-12-16/servers/bo.bo.eci2.msvc.app/databases/bo/tables/permission_role.html,perizinan,.html,permission_role.html,4385319967,1,1,1
d3383526a800cf691ac4fb2c5306900f,bo.bo.eci2.msvc.app_2023-12-05_04-12-16/servers/bo.bo.eci2.msvc.app/databases/bo/tables/personal_access_tokens.html,perizinan,.html,personal_access_tokens.html,2570967692,1,1,1
abcac825ac3c53bc1d38ebebe789282d,bo.bo.eci2.msvc.app_2023-12-05_04-12-16/servers/bo.bo.eci2.msvc.app/databases/bo/tables/projects.html,perizinan,.html,projects.html,9912049847,1,1,1
0c4a23aa3d07c7d482d00fbcedc7396d,bo.bo.eci2.msvc.app_2023-12-05_04-12-16/servers/bo.bo.eci2.msvc.app/databases/bo/tables/project_statuses.html,perizinan,.html,project_statuses.html,9670397556,1,1,1
342ad8c8c18c06e06185ef8ca048eed4,bo.bo.eci2.msvc.app_2023-12-05_04-12-16/servers/bo.bo.eci2.msvc.app/databases/bo/tables/project_user.html,perizinan,.html,project_user.html,8300131728,1,1,1
563c635e0c0ee7a4bc5c29faa83f3276,bo.bo.eci2.msvc.app_2023-12-05_04-12-16/servers/bo.bo.eci2.msvc.app/databases/bo/tables/roles.html,perizinan,.html,roles.html,7643855384,1,1,1
bf71e85842065a05ca90f6584700dac4,bo.bo.eci2.msvc.app_2023-12-05_04-12-16/servers/bo.bo.eci2.msvc.app/databases/bo/tables/role_user.html,perizinan,.html,role_user.html,2071117954,1,1,1
62519ba727200225276c533e9c1bed57,bo.bo.eci2.msvc.app_2023-12-05_04-12-16/servers/bo.bo.eci2.msvc.app/databases/bo/tables/Tables.html,perizinan,.html,Tables.html,7702472131,1,1,1
acef89649e80122e4bf36388f5e658b9,bo.bo.eci2.msvc.app_2023-12-05_04-12-16/servers/bo.bo.eci2.msvc.app/databases/bo/tables/tasks.html,perizinan,.html,tasks.html,478749786,1,1,1
2b909ec1e9f52de574738ceb7c72972c,bo.bo.eci2.msvc.app_2023-12-05_04-12-16/servers/bo.bo.eci2.msvc.app/databases/bo/tables/task_statuses.html,perizinan,.html,task_statuses.html,8441326032,1,1,1
63aa96a7e4f359abda21ea6b387fa978,bo.bo.eci2.msvc.app_2023-12-05_04-12-16/servers/bo.bo.eci2.msvc.app/databases/bo/tables/task_tags.html,perizinan,.html,task_tags.html,685465536,1,1,1
b6f92736ffc1a675e4fc47b142c0a00d,bo.bo.eci2.msvc.app_2023-12-05_04-12-16/servers/bo.bo.eci2.msvc.app/databases/bo/tables/task_task_tag.html,perizinan,.html,task_task_tag.html,5821002997,1,1,1
bab89494c44eb5c316ff6ae1ba4eb274,bo.bo.eci2.msvc.app_2023-12-05_04-12-16/servers/bo.bo.eci2.msvc.app/databases/bo/tables/type_of_businesses.html,perizinan,.html,type_of_businesses.html,8812673244,1,1,1
32543a5c842964a3e4907e273ddeb6b8,bo.bo.eci2.msvc.app_2023-12-05_04-12-16/servers/bo.bo.eci2.msvc.app/databases/bo/tables/users.html,perizinan,.html,users.html,7817831782,1,1,1
147ebdd1f8cc7d9c4e7ee46a8ae6ff37,bo.bo.eci2.msvc.app_2023-12-05_04-12-16/servers/bo.bo.eci2.msvc.app/databases/bo/tables/work_types.html,perizinan,.html,work_types.html,8139036667,1,1,1
71470a5368fa73452825b71320a8abbe,bo.bo.eci2.msvc.app_2023-12-05_04-12-16/styles/Bootstrap/Bootstrap.css,perizinan,.css,Bootstrap.css,965603417,1,1,1
1644a96b5babb7b0be1b4fda1755886e,bo.bo.eci2.msvc.app_2023-12-05_04-12-16/styles/Bootstrap/Cerulean.css,perizinan,.css,Cerulean.css,5539078582,1,1,1
40c765f5fd0426e63852f69eb0859536,bo.bo.eci2.msvc.app_2023-12-05_04-12-16/styles/Bootstrap/Cyborg.css,perizinan,.css,Cyborg.css,8087509230,1,1,1
d5730bab17f69834fb59769d555ab324,bo.bo.eci2.msvc.app_2023-12-05_04-12-16/styles/Bootstrap/Default Dark.css,perizinan,.css,Default Dark.css,5780826866,1,1,1
b3e88e0f21812635f49567509572cd6b,bo.bo.eci2.msvc.app_2023-12-05_04-12-16/styles/Bootstrap/Default.css,perizinan,.css,Default.css,6312839230,1,1,1
477333ad186cececef69c5842ff084cd,bo.bo.eci2.msvc.app_2023-12-05_04-12-16/styles/Bootstrap/Flatly.css,perizinan,.css,Flatly.css,3977448888,1,1,1
403741805ebd230e6bd49ff892c52ef9,bo.bo.eci2.msvc.app_2023-12-05_04-12-16/styles/Bootstrap/Journal.css,perizinan,.css,Journal.css,2934575778,1,1,1
fe57777d15eb992691b56afcb364adcc,bo.bo.eci2.msvc.app_2023-12-05_04-12-16/styles/Bootstrap/Paper.css,perizinan,.css,Paper.css,6390321275,1,1,1
af15d268fe783c0b3509117cf20ed530,bo.bo.eci2.msvc.app_2023-12-05_04-12-16/styles/Bootstrap/Yeti.css,perizinan,.css,Yeti.css,4047327269,1,1,1
10ac5974446cd6cbdebbe88a869d904b,bo.bo.eci2.msvc.app_2023-12-05_04-12-16/styles/Format/pdf.css,perizinan,.css,pdf.css,1930973810,1,1,1
